,Group
SRR29318373,SIP
SRR29318374,SIP
SRR29318375,SIP
SRR29318376,SIP
SRR29318378,SIP
SRR29318379,RP
SRR29318380,SIP
SRR29318381,SIP
SRR29318382,SIP
SRR29318383,SIP
SRR29318384,SIP
SRR29318385,SIP
SRR29318386,AIP
SRR29318387,SIP
SRR29318388,SIP
SRR29318389,SIP
SRR29318390,SIP
SRR29318391,SIP
SRR29318392,NP
SRR29318393,NP
SRR29318394,NP
SRR29318395,NP
SRR29318396,NP
SRR29318397,NP
SRR29318398,AIP
SRR29318399,NP
SRR29318400,NP
SRR29318401,NP
SRR29318402,NP
SRR29318403,NP
SRR29318404,NP
SRR29318405,NP
SRR29318406,NP
SRR29318407,NP
SRR29318408,NP
SRR29318409,AIP
SRR29318410,NP
SRR29318411,NP
SRR29318412,NP
SRR29318413,AIP
SRR29318414,AIP
SRR29318415,AIP
SRR29318416,AIP
SRR29318417,AIP
SRR29318418,AIP
SRR29318419,AIP
SRR29318420,AIP
SRR29318421,AIP
SRR29318422,AIP
SRR29318423,AIP
SRR29318424,AIP
SRR29318425,AIP
SRR29318426,AIP
SRR29318427,AIP
SRR29318428,AIP
SRR29318429,AIP
SRR29318430,SIP
SRR29318431,SIP
SRR29318432,SIP
SRR29318433,SIP
SRR29318434,AIP
SRR29318435,AIP
SRR29318436,AIP
SRR29318437,SIP
SRR29318438,SIP
SRR29318439,SIP
SRR29318440,SIP
SRR29318441,SIP
SRR29318442,AIP
SRR29318444,RP
SRR29318445,RP
SRR29318446,RP
SRR29318447,RP
SRR29318448,RP
SRR29318449,AIP
SRR29318450,RP
SRR29318451,RP
SRR29318452,RP
SRR29318453,RP
SRR29318454,RP
SRR29318455,RP
SRR29318456,RP
SRR29318457,RP
SRR29318458,RP
SRR29318459,RP
SRR29318460,AIP
SRR29318461,RP
SRR29318462,RP
SRR29318463,RP
SRR29318464,RP
SRR29318465,RP
SRR29318466,RP
SRR29318467,RP
SRR29318468,RP
SRR29318469,RP
SRR29318470,NP
SRR29318471,NP
SRR29318472,AIP
SRR29318473,NP
SRR29318474,NP
SRR29318475,NP
SRR29318476,NP
